id,car,model,year,color,origen
1,Pontiac,Firebird,1985,Maroon,GMD
2,GMC,Savana Cargo Van,2006,Orange,MAD
3,Chevrolet,Suburban 2500,1996,Red,USD
4,Suzuki,Verona,2004,Maroon,MAD
5,Chevrolet,Silverado 2500,2012,Mauv,CNY
6,GMC,Sierra 2500,2002,Turquoise,UZS
7,Volkswagen,Rabbit,2007,Mauv,IDR
8,Ford,Explorer Sport Trac,2005,Crimson,IDR
9,GMC,Savana 3500,2001,Teal,PLN
10,BMW,3 Series,1995,Pink,PLN
11,Acura,TSX,2005,Aquamarine,RUB
12,Volkswagen,Fox,1991,Puce,PHP
13,Volkswagen,New Beetle,2006,Pink,EUR
14,Ford,Edge,2011,Pink,MAD
15,Audi,A6,2007,Indigo,IDR
16,Honda,Accord,1999,Crimson,EUR
17,Honda,CR-V,2000,Turquoise,JPY
18,Dodge,Charger,2007,Pink,MNT
19,Mercury,Sable,2000,Teal,USD
20,Ford,E250,2008,Blue,CNY
21,Dodge,Caravan,2003,Puce,IDR
22,Scion,iQ,2012,Aquamarine,SYP
23,Oldsmobile,98,1992,Goldenrod,EUR
24,Buick,LeSabre,1994,Teal,RUB
25,Dodge,Grand Caravan,1994,Turquoise,CNY
26,Nissan,Altima,1998,Yellow,JOD
27,Cadillac,CTS,2008,Violet,CNY
28,Mitsubishi,Mighty Max,1994,Red,RUB
29,BMW,X5,2010,Goldenrod,UYU
30,Mercedes-Benz,Sprinter 2500,2012,Indigo,CAD
31,Lotus,Evora,2011,Crimson,BWP
32,Volkswagen,Corrado,1991,Blue,KES
33,Volkswagen,Phaeton,2004,Red,CNY
34,Mitsubishi,i-MiEV,2012,Khaki,CNY
35,Maserati,Quattroporte,2005,Purple,BRL
36,Mercedes-Benz,SLR McLaren,2006,Green,IDR
37,Ford,F-Series,1987,Aquamarine,IRR
38,Mitsubishi,Tredia,1988,Indigo,EUR
39,Dodge,Dakota Club,2002,Aquamarine,TZS
40,Cadillac,Eldorado,2000,Indigo,PHP
41,BMW,650,2006,Red,IDR
42,Volvo,V40,2003,Khaki,BRL
43,Pontiac,G3,2009,Pink,EUR
44,Audi,S4,2004,Goldenrod,CNY
45,Volkswagen,New Beetle,1999,Purple,IDR
46,Maserati,Quattroporte,2008,Yellow,KES
47,Cadillac,DeVille,1995,Purple,BRL
48,Ford,Expedition EL,2007,Turquoise,CAD
49,Nissan,Pathfinder,2002,Yellow,BRL
50,Mitsubishi,Endeavor,2011,Red,CNY
51,Nissan,Maxima,2008,Indigo,XOF
52,Pontiac,6000,1987,Orange,EUR
53,Dodge,Intrepid,1995,Aquamarine,ZAR
54,Lexus,SC,2004,Maroon,IDR
55,Ford,GT,2006,Teal,PLN
56,Chevrolet,Silverado 2500,2001,Mauv,CAD
57,Ford,Taurus,2006,Khaki,GTQ
58,GMC,Rally Wagon 2500,1994,Teal,YER
59,Chevrolet,Silverado 3500,2006,Turquoise,RUB
60,Buick,Lucerne,2007,Yellow,RSD
61,GMC,Savana 2500,2009,Pink,SYP
62,Chevrolet,Express,2010,Crimson,EUR
63,Infiniti,Q,2006,Orange,MGA
64,Mitsubishi,Mighty Max,1996,Green,USD
65,Mitsubishi,Truck,1986,Puce,EUR
66,Chevrolet,Corvette,1995,Orange,HRK
67,Lincoln,Continental,1989,Yellow,CNY
68,Buick,Park Avenue,2002,Aquamarine,BYR
69,Chevrolet,Caprice,1977,Puce,KES
70,Mercedes-Benz,E-Class,1992,Violet,CAD
71,Nissan,Quest,2009,Pink,CAD
72,Chevrolet,Silverado 3500,2001,Maroon,RUB
73,Nissan,Datsun/Nissan Z-car,1990,Puce,JPY
74,Cadillac,Eldorado,1997,Yellow,USD
75,Acura,NSX,2004,Khaki,EUR
76,Volkswagen,Passat,2003,Indigo,EUR
77,Toyota,Supra,1995,Puce,RUB
78,Toyota,Sequoia,2007,Mauv,PHP
79,BMW,6 Series,2009,Mauv,EUR
80,Jeep,Compass,2007,Turquoise,ZAR
81,GMC,Yukon XL 2500,2008,Crimson,EUR
82,Ford,Ranger,1996,Yellow,JPY
83,Pontiac,Montana,2004,Violet,BRL
84,Buick,Park Avenue,2002,Orange,SEK
85,Mercury,Villager,1999,Teal,PEN
86,Chevrolet,Monte Carlo,1973,Violet,VND
87,Toyota,Tacoma Xtra,2000,Aquamarine,IDR
88,Oldsmobile,Aurora,1995,Goldenrod,AMD
89,GMC,Vandura 2500,1992,Red,PLN
90,Ford,Crown Victoria,2008,Blue,BRL
91,Mercedes-Benz,300SE,1992,Fuscia,UGX
92,Chrysler,PT Cruiser,2007,Red,IDR
93,Dodge,Avenger,1996,Maroon,EUR
94,Lexus,RX Hybrid,2008,Aquamarine,EUR
95,Chevrolet,Tahoe,2003,Mauv,EUR
96,Pontiac,Grand Prix,1963,Red,THB
97,Chevrolet,2500,2000,Puce,JPY
98,Porsche,911,2011,Red,KZT
99,Volvo,XC90,2011,Orange,CNY
100,Lamborghini,Diablo,1992,Khaki,USD
101,Chevrolet,Astro,2001,Green,RUB
102,Cadillac,Eldorado,1993,Khaki,BRL
103,Chevrolet,Camaro,1997,Maroon,RUB
104,Kia,Sephia,1996,Yellow,JPY
105,Mercedes-Benz,SLK-Class,2005,Fuscia,CNY
106,Mitsubishi,Eclipse,1997,Khaki,CNY
107,Volkswagen,Passat,1986,Mauv,PLN
108,Toyota,Tacoma Xtra,1998,Maroon,BRL
109,Chevrolet,Venture,2004,Khaki,DOP
110,Chevrolet,S10,1995,Purple,EUR
111,Honda,Odyssey,2007,Indigo,PHP
112,Honda,Passport,1995,Goldenrod,IDR
113,Ford,F250,1994,Yellow,UZS
114,Buick,Riviera,1987,Teal,CNY
115,Kia,Sorento,2006,Khaki,BRL
116,Pontiac,Bonneville,1968,Purple,CNY
117,Ford,Econoline E350,1994,Aquamarine,USD
118,Audi,S4,2009,Blue,BRL
119,GMC,Safari,1997,Green,SEK
120,Jeep,Liberty,2002,Red,DKK
121,Ford,Bronco,1994,Aquamarine,RUB
122,Mercury,Mountaineer,2004,Goldenrod,CNY
123,GMC,Savana 2500,2010,Fuscia,JMD
124,Chrysler,Crossfire,2007,Yellow,EUR
125,Saturn,Sky,2008,Purple,HTG
126,Chevrolet,S10,2001,Pink,RUB
127,BMW,7 Series,2008,Indigo,AZN
128,Volkswagen,Passat,2012,Goldenrod,JPY
129,Hyundai,Scoupe,1993,Pink,MYR
130,Toyota,Corolla,1997,Purple,BRL
131,Mercury,Cougar,2002,Green,IDR
132,Honda,Insight,2005,Indigo,COP
133,Ram,3500,2012,Goldenrod,RUB
134,Bentley,Continental Flying Spur,2008,Purple,THB
135,Mitsubishi,Lancer Evolution,2010,Maroon,JPY
136,Geo,Tracker,1996,Mauv,EUR
137,Audi,A3,2007,Puce,SEK
138,Mazda,MPV,1993,Orange,EUR
139,Mercedes-Benz,300E,1992,Purple,ARS
140,Bentley,Continental GTC,2011,Purple,ALL
141,Kia,Carens,2009,Purple,EUR
142,Infiniti,QX,2001,Mauv,PHP
143,Mitsubishi,3000GT,1994,Indigo,BGN
144,Volkswagen,Scirocco,1984,Turquoise,CNY
145,Kia,Amanti,2007,Goldenrod,MKD
146,BMW,8 Series,1996,Maroon,ALL
147,Cadillac,DTS,2007,Green,CNY
148,Chevrolet,Express 3500,2003,Turquoise,CNY
149,Mercedes-Benz,CLK-Class,1999,Goldenrod,GHS
150,Audi,A6,2001,Crimson,IRR
151,Chrysler,PT Cruiser,2007,Green,HNL
152,Chevrolet,Prizm,2000,Teal,IDR
153,Honda,Civic,2009,Pink,CNY
154,Pontiac,Monterey,2005,Goldenrod,PHP
155,Lamborghini,Gallardo,2007,Pink,ARS
156,Dodge,D250,1993,Pink,CNY
157,Honda,Pilot,2007,Teal,MMK
158,Chrysler,Town & Country,2012,Green,NGN
159,Ford,Crown Victoria,1999,Khaki,XOF
160,GMC,Rally Wagon 2500,1993,Crimson,CRC
161,Cadillac,Seville,1993,Blue,RUB
162,Dodge,Neon,2001,Turquoise,PHP
163,Nissan,300ZX,1996,Pink,RUB
164,Mazda,MX-5,2007,Indigo,MUR
165,Toyota,Supra,1997,Puce,DKK
166,Hyundai,Tiburon,2000,Fuscia,EUR
167,Maybach,57,2003,Maroon,THB
168,Dodge,D150,1992,Yellow,CNY
169,Mitsubishi,Montero,1996,Violet,UAH
170,Mercury,Grand Marquis,1984,Goldenrod,PEN
171,Mitsubishi,Outlander,2006,Green,IDR
172,Austin,Mini Cooper,1964,Aquamarine,BRL
173,Mercury,Capri,1986,Teal,PHP
174,Chevrolet,Corvette,2011,Red,IDR
175,Ford,Ranger,2008,Khaki,JPY
176,Suzuki,Grand Vitara,2003,Crimson,IDR
177,Toyota,Corolla,1994,Purple,RUB
178,Spyker,C8 Double 12 S,2006,Aquamarine,MNT
179,Lincoln,Blackwood,2003,Green,CZK
180,Mitsubishi,Galant,2008,Green,TZS
181,Jaguar,XK Series,2003,Red,RUB
182,Hyundai,Accent,2013,Orange,CNY
183,BMW,5 Series,1998,Orange,IDR
184,Cadillac,Eldorado,1997,Blue,SDG
185,Ford,Escape,2002,Turquoise,SYP
186,BMW,550,2006,Green,RUB
187,Chevrolet,Blazer,1998,Indigo,BOB
188,Cadillac,XLR,2009,Khaki,SEK
189,Nissan,Rogue,2011,Turquoise,EUR
190,Land Rover,Range Rover,1989,Puce,RUB
191,Mitsubishi,Diamante,2002,Turquoise,BAM
192,Mercedes-Benz,CLK-Class,2008,Violet,UAH
193,Chevrolet,Cobalt SS,2009,Purple,CNY
194,Volvo,XC70,2003,Maroon,PHP
195,BMW,5 Series,2002,Green,CNY
196,Honda,Accord,2006,Puce,RUB
197,Ford,Mustang,1969,Goldenrod,CNY
198,Suzuki,XL7,2007,Maroon,CNY
199,Mitsubishi,Lancer Evolution,2005,Orange,IDR
200,Mercedes-Benz,300SL,1993,Goldenrod,PHP
201,Chevrolet,Express 1500,2011,Turquoise,PLN
202,Toyota,Tundra,2000,Teal,IDR
203,Mercury,Montego,2006,Fuscia,IDR
204,Land Rover,Range Rover,1997,Yellow,CNY
205,Nissan,Rogue,2010,Crimson,JPY
206,Maybach,62,2012,Khaki,THB
207,Aptera,Type-1h,2010,Indigo,CZK
208,GMC,Acadia,2008,Fuscia,PHP
209,GMC,Suburban 1500,1997,Mauv,CNY
210,Nissan,Altima,1999,Pink,AMD
211,Honda,Civic,1996,Red,EUR
212,Chrysler,Town & Country,2008,Khaki,CZK
213,BMW,X3,2008,Orange,IDR
214,Buick,Skylark,1991,Indigo,CNY
215,Austin,Mini Cooper,1964,Goldenrod,MXN
216,GMC,Sierra 1500,2008,Orange,CNY
217,Mazda,MX-6,1988,Aquamarine,TND
218,Mercedes-Benz,R-Class,2006,Teal,CNY
219,Daewoo,Lanos,2002,Yellow,RUB
220,Nissan,240SX,1994,Blue,CUP
221,Cadillac,Escalade ESV,2008,Purple,MMK
222,Ford,Mustang,2002,Purple,PLN
223,Lincoln,Town Car,2002,Aquamarine,THB
224,Honda,S2000,2002,Red,PHP
225,Pontiac,Bonneville,1998,Goldenrod,RUB
226,Ford,Windstar,1996,Green,UAH
227,Chevrolet,Tahoe,2002,Indigo,KPW
228,Mercedes-Benz,190E,1993,Violet,PHP
229,Kia,Spectra,2007,Blue,NOK
230,Ford,Freestar,2004,Purple,IDR
231,Ford,F150,1992,Teal,USD
232,Lincoln,Continental,2000,Fuscia,THB
233,MINI,Cooper Clubman,2010,Purple,PLN
234,Ford,Mustang,2001,Yellow,IDR
235,GMC,Sierra 3500,2000,Blue,PHP
236,Suzuki,Reno,2008,Aquamarine,IDR
237,Mitsubishi,Lancer,2002,Purple,RUB
238,GMC,Sierra,2009,Indigo,CNY
239,Ford,Bronco,1992,Aquamarine,CNY
240,Hyundai,Accent,2006,Green,IDR
241,Suzuki,Equator,2011,Purple,EUR
242,Acura,NSX,2000,Turquoise,SEK
243,Buick,Park Avenue,1992,Blue,VND
244,Mercedes-Benz,E-Class,1994,Mauv,EUR
245,Toyota,Solara,2004,Yellow,NGN
246,Aston Martin,DBS,2010,Purple,UAH
247,Lexus,LX,2007,Puce,EUR
248,Audi,Q5,2012,Goldenrod,RUB
249,Chevrolet,Suburban 1500,1992,Khaki,EUR
250,Lincoln,Continental Mark VII,1990,Turquoise,SEK
251,Buick,Somerset,1985,Blue,RUB
252,Mercury,Montego,2006,Pink,CNY
253,Lexus,RX,2005,Yellow,SYP
254,Mercedes-Benz,E-Class,2011,Violet,MXN
255,Pontiac,Bonneville,1988,Aquamarine,VND
256,Chevrolet,Suburban 2500,1999,Crimson,RUB
257,Toyota,RAV4,2012,Mauv,PLN
258,Volkswagen,Passat,1992,Violet,USD
259,Toyota,TundraMax,2009,Mauv,ARS
260,Mercury,Mountaineer,2003,Blue,PKR
261,Mercury,Sable,1995,Teal,UAH
262,Mazda,Protege,1998,Indigo,IDR
263,Kia,Spectra,2004,Red,CNY
264,Ford,F250,2004,Indigo,BRL
265,Mercury,Sable,1997,Blue,SEK
266,Ford,Explorer Sport Trac,2009,Crimson,EUR
267,Nissan,NX,1993,Purple,USD
268,Nissan,Pathfinder,2005,Mauv,RUB
269,Nissan,NV2500,2012,Goldenrod,JPY
270,Chevrolet,Astro,1992,Puce,USD
271,BMW,X6 M,2010,Yellow,CNY
272,Dodge,Dakota,1997,Mauv,SYP
273,Chevrolet,Express 2500,2012,Aquamarine,CZK
274,Mazda,B-Series,2006,Purple,MGA
275,Ford,Laser,1987,Orange,BRL
276,Audi,S5,2008,Blue,BRL
277,Toyota,Tundra,2002,Mauv,RUB
278,Dodge,Ram 1500,2000,Teal,PLN
279,Ford,F150,2010,Green,XAF
280,Suzuki,SJ,1988,Aquamarine,PHP
281,Mercedes-Benz,W126,1981,Yellow,RUB
282,Mercedes-Benz,S-Class,2009,Indigo,EUR
283,Chevrolet,Corvette,1988,Blue,EUR
284,Bentley,Continental GT,2008,Blue,PLN
285,Chevrolet,Cavalier,1993,Aquamarine,CNY
286,Lexus,LFA,2012,Yellow,RUB
287,Mitsubishi,Truck,1996,Red,IDR
288,Mercedes-Benz,W201,1985,Pink,CNY
289,Infiniti,QX56,2011,Yellow,IDR
290,Pontiac,Grand Prix,1993,Orange,SEK
291,Honda,Civic,1995,Khaki,MNT
292,Infiniti,J,1995,Turquoise,PHP
293,Ford,F250,1996,Khaki,IQD
294,Pontiac,Sunfire,1998,Indigo,UYU
295,Mercury,Mountaineer,1999,Mauv,IDR
296,Subaru,Baja,2006,Teal,IDR
297,Mazda,Mazdaspeed 3,2008,Pink,RUB
298,Ford,Thunderbird,1990,Teal,CNY
299,Porsche,Cayenne,2013,Purple,SLL
300,Nissan,Quest,2005,Orange,BRL
301,GMC,Rally Wagon 1500,1992,Goldenrod,IDR
302,Infiniti,I,1996,Goldenrod,CNY
303,Toyota,Tercel,1992,Khaki,JMD
304,Mercedes-Benz,CL-Class,2003,Green,EUR
305,BMW,6 Series,2010,Goldenrod,EUR
306,Scion,xB,2011,Puce,BYR
307,GMC,Sierra,2007,Green,CUP
308,Aston Martin,DB9,2006,Fuscia,IDR
309,Mercury,Grand Marquis,2006,Aquamarine,USD
310,Volkswagen,Golf,1985,Goldenrod,CNY
311,Ford,Laser,1988,Maroon,USD
312,Oldsmobile,Silhouette,1994,Khaki,PHP
313,Lexus,LS Hybrid,2011,Yellow,EUR
314,Ford,Mustang,2003,Green,HNL
315,Ford,Aerostar,1988,Pink,MNT
316,Mitsubishi,Chariot,1995,Turquoise,CNY
317,Mitsubishi,Chariot,1985,Yellow,PHP
318,Buick,Lucerne,2008,Mauv,BRL
319,Toyota,Avalon,2009,Red,UAH
320,Chevrolet,Silverado 3500,2003,Pink,MNT
321,Ford,E-Series,2011,Crimson,IDR
322,Toyota,Echo,2003,Indigo,NGN
323,Buick,Regal,1989,Crimson,EUR
324,Dodge,Ram 2500,2005,Purple,MXN
325,Aston Martin,DB9,2008,Aquamarine,IDR
326,BMW,550,2006,Blue,EGP
327,Aston Martin,Vantage,2007,Yellow,CNY
328,Bentley,Arnage,2005,Pink,CNY
329,GMC,1500 Club Coupe,1994,Teal,NGN
330,GMC,Savana 2500,2004,Turquoise,SYP
331,Geo,Metro,1996,Purple,EUR
332,Mercury,Capri,1994,Maroon,CZK
333,Cadillac,XLR,2005,Indigo,PHP
334,Ford,F350,1992,Violet,IDR
335,Honda,S2000,2001,Turquoise,HUF
336,Acura,CL,2002,Goldenrod,IDR
337,Toyota,Yaris,2011,Indigo,EUR
338,Chevrolet,Tahoe,2003,Turquoise,XAF
339,Nissan,Versa,2012,Purple,USD
340,Nissan,Pathfinder,2000,Crimson,EUR
341,Lexus,LS,2005,Puce,JPY
342,Pontiac,GTO,1967,Purple,USD
343,Buick,Skyhawk,1989,Purple,USD
344,Porsche,Cayman,2012,Teal,IDR
345,Volkswagen,Rabbit,2010,Goldenrod,CZK
346,GMC,Sierra,2012,Crimson,BRL
347,Mitsubishi,Pajero,1997,Mauv,CNY
348,Subaru,Outback Sport,2002,Purple,IDR
349,Audi,4000s Quattro,1986,Pink,IRR
350,Dodge,Ram 1500 Club,1996,Puce,CNY
351,Mitsubishi,Galant,1999,Teal,PEN
352,GMC,3500,1995,Aquamarine,AUD
353,Dodge,Spirit,1992,Teal,CNY
354,Toyota,Avalon,2004,Blue,NZD
355,Volvo,960,1996,Yellow,IDR
356,Mercedes-Benz,M-Class,1999,Fuscia,IDR
357,Ford,F450,2008,Green,EUR
358,Toyota,Paseo,1994,Aquamarine,CNY
359,Toyota,Sienna,2004,Fuscia,SEK
360,Dodge,Stealth,1992,Fuscia,CZK
361,Volkswagen,Cabriolet,1989,Maroon,BRL
362,Chevrolet,Corvette,1967,Fuscia,BRL
363,Land Rover,Discovery,2005,Indigo,IDR
364,Dodge,Dynasty,1993,Blue,IDR
365,Buick,LeSabre,1996,Green,CNY
366,Hyundai,Tucson,2006,Violet,COP
367,Subaru,Legacy,2006,Orange,THB
368,Chevrolet,Monte Carlo,1996,Fuscia,THB
369,Lexus,LS Hybrid,2011,Pink,CNY
370,Bentley,Continental,2009,Goldenrod,RUB
371,Subaru,Forester,1999,Goldenrod,EUR
372,Ford,F350,2006,Pink,CNY
373,Saab,9000,1990,Crimson,EUR
374,Toyota,Land Cruiser,2007,Blue,RUB
375,Cadillac,Catera,1997,Aquamarine,COP
376,Volvo,S80,2002,Maroon,RUB
377,Ford,Crown Victoria,2001,Blue,EUR
378,Suzuki,Daewoo Magnus,2006,Blue,PAB
379,Mazda,323,1994,Teal,CNY
380,Kia,Spectra,2009,Green,CNY
381,Volvo,V70,2001,Green,RUB
382,MINI,Cooper,2011,Blue,CNY
383,GMC,Savana,2012,Crimson,RUB
384,Suzuki,Reno,2007,Khaki,COP
385,Nissan,350Z,2006,Purple,IDR
386,Maserati,Quattroporte,1985,Yellow,CNY
387,Mazda,Miata MX-5,2000,Pink,SEK
388,Mercury,Cougar,1985,Fuscia,LYD
389,Austin,Mini,1959,Maroon,BRL
390,Volvo,XC90,2008,Indigo,IDR
391,Pontiac,Grand Prix,2004,Puce,CNY
392,Lamborghini,Murciélago,2008,Green,TJS
393,Jaguar,X-Type,2007,Goldenrod,IDR
394,Honda,Insight,2012,Red,PHP
395,Jaguar,S-Type,2004,Goldenrod,GTQ
396,Chrysler,Concorde,1999,Teal,IDR
397,BMW,7 Series,2007,Maroon,CNY
398,Mercedes-Benz,SL-Class,2006,Teal,SEK
399,Volkswagen,rio,2002,Puce,EUR
400,Dodge,Nitro,2011,Violet,THB
401,Dodge,Ram 1500,1999,Purple,CNY
402,Mazda,MPV,2001,Violet,AOA
403,Nissan,350Z,2007,Orange,EUR
404,Toyota,Prius,2006,Blue,EUR
405,Saab,9-5,2011,Indigo,AMD
406,Isuzu,Trooper,1994,Yellow,RUB
407,Audi,S4,1994,Green,IDR
408,Ford,E-Series,2006,Khaki,IDR
409,Lamborghini,Murciélago,2008,Aquamarine,LTL
410,Dodge,Stratus,2005,Puce,PHP
411,Honda,Element,2009,Blue,ARS
412,Chevrolet,Corvette,1970,Violet,CNY
413,Mercedes-Benz,M-Class,2012,Red,EUR
414,Ford,F250,2000,Red,EUR
415,Geo,Tracker,1992,Teal,PHP
416,Toyota,Highlander,2002,Maroon,BRL
417,Maserati,Gran Sport,2006,Violet,CAD
418,Porsche,911,2009,Violet,IDR
419,Plymouth,Laser,1994,Turquoise,RUB
420,BMW,Z3,1999,Fuscia,USD
421,Nissan,Frontier,2006,Green,CNY
422,Mitsubishi,Montero,1997,Goldenrod,VEF
423,Ford,Crown Victoria,2001,Khaki,BRL
424,Mazda,MX-6,1995,Maroon,ZAR
425,Ford,F350,1995,Orange,CNY
426,Chevrolet,Suburban 1500,1995,Mauv,BRL
427,Audi,Coupe GT,1985,Teal,EUR
428,Toyota,4Runner,2006,Blue,PHP
429,Buick,Lucerne,2008,Purple,COP
430,Ford,F350,2011,Puce,CNY
431,Dodge,Caravan,2007,Maroon,IDR
432,Ford,Mustang,1996,Green,PHP
433,Audi,Quattro,1992,Orange,CNY
434,Suzuki,Equator,2010,Red,AFN
435,Infiniti,I,1996,Orange,RUB
436,Chevrolet,Corvette,1967,Turquoise,CNY
437,Porsche,Carrera GT,2005,Red,PHP
438,Scion,tC,2005,Red,UAH
439,Ford,EXP,1988,Goldenrod,ARS
440,Mitsubishi,Mirage,1998,Maroon,KZT
441,Ford,Crown Victoria,2004,Goldenrod,ARS
442,Honda,Odyssey,1995,Purple,PHP
443,Saturn,S-Series,1995,Green,CNY
444,Ford,Explorer,2009,Khaki,CZK
445,Ford,E250,2008,Yellow,CNY
446,Chevrolet,Express,2010,Turquoise,EUR
447,Dodge,Ram 2500,1998,Crimson,PEN
448,Chevrolet,Express 3500,2003,Purple,EUR
449,Mercedes-Benz,S-Class,2011,Red,RUB
450,Hyundai,Sonata,2011,Violet,KPW
451,Hummer,H1,1995,Crimson,PEN
452,Pontiac,Vibe,2009,Turquoise,ARS
453,Mercedes-Benz,G-Class,2002,Purple,UAH
454,Audi,5000S,1986,Blue,RUB
455,Suzuki,XL7,2007,Mauv,PEN
456,Mitsubishi,Tredia,1988,Indigo,EUR
457,GMC,Yukon,2002,Maroon,IDR
458,Buick,Estate,1989,Crimson,COP
459,BMW,3 Series,1998,Green,IDR
460,Ford,Taurus,2003,Turquoise,VND
461,Chevrolet,Express 2500,2006,Red,CNY
462,Ford,Ranger,2009,Aquamarine,RUB
463,Chevrolet,Express,2009,Crimson,VND
464,Mitsubishi,Endeavor,2008,Crimson,VND
465,Chrysler,Voyager,2000,Crimson,MGA
466,GMC,Yukon,2002,Pink,IDR
467,Audi,Q5,2010,Yellow,EUR
468,Dodge,Durango,2007,Puce,AZN
469,Mazda,MX-3,1994,Maroon,PLN
470,GMC,Envoy XL,2003,Red,MXN
471,Audi,S4,2010,Indigo,ALL
472,Ford,Bronco,1988,Khaki,AUD
473,Acura,Vigor,1992,Red,IDR
474,Chrysler,Grand Voyager,2000,Mauv,CNY
475,Audi,90,1994,Khaki,NIO
476,Nissan,280ZX,1979,Orange,UAH
477,Pontiac,Grand Prix Turbo,1990,Violet,CNY
478,Honda,Civic,2007,Violet,USD
479,Oldsmobile,Intrigue,2001,Pink,CNY
480,Ford,Freestyle,2006,Violet,COP
481,Land Rover,Defender,1993,Aquamarine,BAM
482,Cadillac,DeVille,1993,Fuscia,GBP
483,Dodge,Ram Van 1500,1998,Violet,BRL
484,Honda,CR-V,2010,Puce,IDR
485,Lexus,LX,2009,Yellow,EUR
486,Honda,S2000,2007,Fuscia,CNY
487,Cadillac,DeVille,1992,Khaki,NGN
488,Dodge,Ram 1500,2008,Crimson,PHP
489,Maserati,Quattroporte,2010,Indigo,COP
490,Volkswagen,Jetta,1992,Violet,EUR
491,Ford,Econoline E150,2000,Violet,ILS
492,Dodge,Ram Wagon B350,1994,Maroon,CNY
493,Hummer,H2,2008,Violet,EUR
494,BMW,M3,1999,Red,IDR
495,Dodge,Grand Caravan,1994,Yellow,CNY
496,Kia,Sorento,2013,Teal,EUR
497,Ford,Mustang,1983,Goldenrod,XAF
498,Nissan,370Z,2012,Blue,XOF
499,Chevrolet,Tracker,2004,Maroon,CNY
500,Ford,Aerostar,1995,Blue,YER
501,Studebaker,Avanti,1963,Indigo,IDR
502,Dodge,Dakota,1998,Khaki,KES
503,Ford,Transit Connect,2011,Aquamarine,GNF
504,Kia,Sportage,2010,Teal,VND
505,Ford,E350,2007,Puce,AUD
506,Mercury,Sable,2005,Teal,ALL
507,Land Rover,Range Rover Evoque,2012,Maroon,EUR
508,Ford,Freestyle,2005,Green,LKR
509,Acura,RL,2005,Puce,NGN
510,Chevrolet,G-Series G10,1995,Puce,RUB
511,Oldsmobile,88,1992,Aquamarine,IDR
512,Subaru,Legacy,2007,Purple,CNY
513,Mitsubishi,Sigma,1990,Crimson,THB
514,Chevrolet,Astro,2005,Puce,GHS
515,Subaru,XT,1988,Aquamarine,CNY
516,Kia,Sedona,2012,Yellow,PLN
517,Nissan,Murano,2005,Mauv,CNY
518,Ford,Contour,1998,Red,EUR
519,Nissan,Quest,2000,Puce,PLN
520,Toyota,Supra,1992,Puce,CNY
521,Scion,iQ,2012,Maroon,UAH
522,Chevrolet,Silverado 2500,2012,Goldenrod,XCD
523,Suzuki,Aerio,2003,Purple,BAM
524,Suzuki,Vitara,1999,Violet,CNY
525,Bugatti,Veyron,2009,Indigo,IDR
526,Toyota,T100 Xtra,1998,Turquoise,BDT
527,Cadillac,Escalade EXT,2004,Aquamarine,TTD
528,Mazda,MX-6,1995,Crimson,VND
529,Chevrolet,Express 1500,2008,Fuscia,PHP
530,GMC,Yukon,2001,Green,EUR
531,GMC,Savana 1500,1999,Blue,CNY
532,Dodge,Grand Caravan,1994,Indigo,USD
533,Buick,Rainier,2005,Fuscia,PHP
534,Mercedes-Benz,CLK-Class,2009,Violet,IDR
535,Mitsubishi,Precis,1990,Turquoise,CAD
536,Volkswagen,New Beetle,2012,Puce,BRL
537,Ford,Mustang,1990,Orange,EUR
538,Toyota,Supra,1992,Red,USD
539,Nissan,Maxima,2006,Aquamarine,CNY
540,Volvo,V50,2010,Mauv,CNY
541,Mazda,B-Series,2006,Indigo,BRL
542,Pontiac,Safari,1989,Aquamarine,CNY
543,Chevrolet,Cavalier,2001,Teal,SYP
544,Infiniti,Q,1998,Aquamarine,PEN
545,Pontiac,Aztek,2004,Red,PAB
546,Nissan,Maxima,1998,Khaki,MZN
547,Kia,Sportage,2009,Turquoise,CNY
548,Volkswagen,Routan,2012,Turquoise,RUB
549,Audi,Q7,2010,Puce,THB
550,Mercedes-Benz,SL-Class,1987,Pink,PEN
551,GMC,Safari,1994,Goldenrod,AFN
552,Ford,F-Series,2011,Orange,BRL
553,Mercury,Cougar,2000,Yellow,IDR
554,Isuzu,VehiCROSS,2000,Mauv,IDR
555,Honda,CR-X,1988,Teal,CUP
556,Mercedes-Benz,SL-Class,1992,Purple,IDR
557,Volkswagen,GTI,1989,Fuscia,CNY
558,Oldsmobile,Achieva,1997,Puce,COP
559,Land Rover,Range Rover Sport,2008,Puce,JPY
560,Chevrolet,Astro,1993,Red,NIO
561,Mitsubishi,Eclipse,1993,Turquoise,IDR
562,Subaru,Leone,1986,Crimson,CNY
563,Acura,TSX,2011,Green,PAB
564,Daewoo,Nubira,2001,Teal,MAD
565,Ford,Bronco,1993,Fuscia,UZS
566,BMW,6 Series,2009,Puce,BRL
567,BMW,545,2004,Khaki,IDR
568,Mazda,Millenia,1996,Indigo,EUR
569,Dodge,Ram 50,1993,Puce,IDR
570,Audi,Quattro,1992,Aquamarine,CNY
571,Chrysler,300,1999,Pink,DOP
572,Chevrolet,Avalanche,2011,Teal,CNY
573,Buick,Regal,1999,Aquamarine,KPW
574,Toyota,Solara,2001,Indigo,IDR
575,Infiniti,M,2004,Blue,TMT
576,Honda,Civic,1996,Crimson,EUR
577,Dodge,Ram Van 3500,2001,Violet,MAD
578,Kia,Sedona,2006,Goldenrod,TND
579,Nissan,350Z,2008,Turquoise,EUR
580,Isuzu,i-290,2008,Turquoise,CZK
581,Nissan,Sentra,2007,Khaki,SBD
582,Land Rover,Discovery,2005,Teal,CNY
583,Toyota,Tacoma,1995,Pink,DKK
584,Dodge,Ram 2500,1994,Puce,RUB
585,Jaguar,XK,2012,Violet,YER
586,Mazda,RX-7,1989,Teal,PEN
587,Chrysler,LHS,1996,Mauv,IDR
588,Lexus,RX,2000,Blue,BRL
589,Mercedes-Benz,SL65 AMG,2006,Aquamarine,YER
590,Volkswagen,GTI,2003,Puce,EUR
591,Acura,RSX,2003,Aquamarine,RUB
592,Kia,Rio,2010,Aquamarine,PHP
593,Mitsubishi,Expo LRV,1996,Indigo,EUR
594,Mazda,CX-7,2011,Maroon,EUR
595,Infiniti,I,1998,Puce,JPY
596,Toyota,Celica,2001,Indigo,USD
597,Infiniti,G,1995,Crimson,RUB
598,Saab,9-5,2001,Goldenrod,CNY
599,Ford,F250,2008,Puce,XAF
600,Mazda,Miata MX-5,2010,Yellow,EUR
601,Ford,Ranger,2008,Green,EUR
602,Ford,F150,2001,Indigo,CNY
603,Chevrolet,Cobalt,2010,Maroon,ARS
604,Chevrolet,S10,1992,Maroon,IDR
605,Dodge,Nitro,2009,Blue,EUR
606,BMW,X5,2006,Pink,ZAR
607,Land Rover,Discovery,1995,Violet,GTQ
608,Dodge,Journey,2009,Yellow,IDR
609,Hyundai,Accent,2004,Aquamarine,MKD
610,Hyundai,Elantra,2002,Goldenrod,GMD
611,Ford,F350,1996,Aquamarine,BRL
612,Subaru,Forester,2008,Khaki,CNY
613,Ford,F150,2003,Yellow,PLN
614,BMW,X6 M,2012,Goldenrod,PHP
615,Rolls-Royce,Phantom,2007,Indigo,CNY
616,Dodge,Ram Van 1500,2002,Pink,PLN
617,Honda,Pilot,2009,Goldenrod,COP
618,Nissan,Titan,2006,Teal,PLN
619,Lexus,ES,2008,Crimson,RUB
620,Ford,Thunderbird,1988,Red,USD
621,Chrysler,Voyager,2002,Mauv,CNY
622,Lexus,SC,1994,Indigo,PYG
623,Lexus,SC,2010,Indigo,COP
624,Volvo,960,1995,Violet,USD
625,GMC,Sierra 1500,2005,Aquamarine,IDR
626,Mercedes-Benz,CLK-Class,2008,Blue,IDR
627,Chevrolet,Astro,1994,Purple,IDR
628,Nissan,Xterra,2005,Turquoise,USD
629,Chevrolet,Astro,2002,Orange,SEK
630,Buick,Rainier,2007,Mauv,EUR
631,BMW,Z4,2006,Indigo,UAH
632,Volvo,S80,2008,Khaki,CNY
633,Lincoln,Town Car,1989,Pink,MYR
634,Mercedes-Benz,C-Class,2005,Purple,EUR
635,Lamborghini,Gallardo,2004,Crimson,CNY
636,Toyota,Highlander,2001,Orange,RUB
637,Chevrolet,3500,1995,Crimson,EUR
638,Dodge,Ram 3500,2005,Green,IRR
639,Lexus,ES,1989,Pink,EUR
640,Audi,Q7,2010,Indigo,PHP
641,Toyota,FJ Cruiser,2010,Yellow,RUB
642,Jaguar,XJ,2007,Khaki,UAH
643,Ford,E250,1984,Green,PEN
644,Lexus,SC,2004,Orange,CNY
645,Dodge,Viper RT/10,1993,Blue,CNY
646,Lexus,LX,2001,Fuscia,RUB
647,Isuzu,Rodeo,2001,Crimson,IDR
648,Kia,Sedona,2012,Yellow,MMK
649,Mercury,Grand Marquis,2004,Fuscia,IDR
650,Lotus,Exige,2010,Violet,AMD
651,Dodge,Ram Van 2500,2001,Fuscia,EUR
652,Land Rover,Range Rover,2003,Yellow,RUB
653,Hyundai,Accent,2001,Indigo,ARS
654,BMW,645,2005,Blue,MNT
655,BMW,3 Series,2012,Mauv,JMD
656,Toyota,Land Cruiser,1993,Teal,USD
657,Volkswagen,Jetta,1984,Turquoise,ETB
658,Dodge,Dakota Club,1993,Pink,IDR
659,Nissan,Armada,2012,Fuscia,IDR
660,BMW,3 Series,2000,Khaki,IDR
661,Mercedes-Benz,M-Class,2000,Fuscia,EUR
662,Honda,Civic,2000,Yellow,BRL
663,Lexus,SC,1999,Yellow,UAH
664,Nissan,Sentra,1993,Crimson,COP
665,Audi,A8,1998,Goldenrod,IDR
666,Audi,5000CS,1988,Indigo,EUR
667,Pontiac,Grand Prix,1981,Indigo,DOP
668,Ford,Aerostar,1996,Mauv,JPY
669,Ford,Thunderbird,1988,Crimson,MYR
670,Bentley,Continental Flying Spur,2007,Blue,IDR
671,Volvo,V50,2010,Khaki,UGX
672,Toyota,Avalon,2001,Turquoise,EUR
673,Cadillac,STS,2010,Khaki,IRR
674,Cadillac,DeVille,1992,Pink,ILS
675,Nissan,NX,1993,Puce,CNY
676,Audi,A3,2011,Blue,EUR
677,Audi,S8,2008,Aquamarine,IDR
678,Dodge,Colt,1994,Maroon,EUR
679,Dodge,Durango,2005,Red,COP
680,Lexus,RX,2002,Pink,USD
681,Mitsubishi,Lancer,2003,Yellow,SEK
682,Nissan,Xterra,2009,Puce,JPY
683,Chevrolet,Uplander,2005,Mauv,EUR
684,Isuzu,Hombre Space,1999,Mauv,SEK
685,Honda,Accord,2010,Orange,IDR
686,Nissan,Altima,2007,Indigo,TZS
687,Ford,F-Series,2006,Blue,RUB
688,Buick,Century,2000,Yellow,IDR
689,Subaru,Justy,1987,Mauv,NGN
690,Hyundai,Santa Fe,2006,Red,CAD
691,Suzuki,Swift,1996,Orange,IDR
692,Bentley,Continental,2009,Violet,SEK
693,GMC,Suburban 1500,1997,Violet,CNY
694,Mercedes-Benz,CL-Class,1998,Orange,CNY
695,Land Rover,Freelander,2005,Puce,UGX
696,Porsche,Cayenne,2009,Orange,KES
697,Audi,riolet,1997,Aquamarine,BRL
698,Kia,Sedona,2011,Puce,XAF
699,Chevrolet,Corvette,1973,Khaki,PHP
700,Cadillac,Escalade ESV,2009,Maroon,CNY
701,Ford,Freestyle,2007,Crimson,BWP
702,Ford,F150,2004,Goldenrod,EUR
703,Dodge,Dakota Club,1995,Khaki,PHP
704,Volvo,XC90,2008,Pink,EUR
705,Volvo,C30,2009,Fuscia,EUR
706,Tesla,Model S,2012,Khaki,COP
707,Acura,RSX,2003,Pink,KZT
708,GMC,Savana 1500,2007,Turquoise,COP
709,Isuzu,Rodeo,2002,Violet,PHP
710,Ford,Escort,1985,Violet,PHP
711,Toyota,Celica,1994,Red,CNY
712,Toyota,MR2,2002,Violet,RUB
713,Mercedes-Benz,SLK-Class,2008,Aquamarine,CNY
714,Chevrolet,1500,1999,Puce,IDR
715,Lexus,RX,2001,Orange,PHP
716,Pontiac,Solstice,2006,Maroon,RUB
717,Ford,Bronco II,1988,Pink,BDT
718,Mitsubishi,Endeavor,2005,Mauv,XAF
719,Honda,Accord Crosstour,2010,Violet,USD
720,Chrysler,LeBaron,1995,Turquoise,EUR
721,Volvo,960,1992,Pink,YER
722,Acura,MDX,2011,Orange,LSL
723,Ford,Torino,1970,Yellow,CNY
724,Buick,Park Avenue,1997,Red,IDR
725,Mazda,626,1991,Purple,ILS
726,Ford,Explorer,2006,Teal,EUR
727,Honda,Civic,2010,Mauv,CNY
728,Mercury,Cougar,1985,Green,EUR
729,Lincoln,Town Car,1991,Mauv,CNY
730,GMC,Savana 2500,2006,Aquamarine,PHP
731,Chevrolet,Camaro,1995,Puce,ILS
732,Mercedes-Benz,SLS-Class,2011,Khaki,IDR
733,Nissan,Frontier,2007,Mauv,MXN
734,Suzuki,Sidekick,1990,Red,CNY
735,Volkswagen,Beetle,1967,Mauv,PLN
736,Cadillac,Escalade ESV,2011,Fuscia,PHP
737,Ford,Expedition EL,2011,Maroon,CRC
738,Mitsubishi,Galant,2012,Green,CNY
739,Mazda,RX-7,1983,Blue,RUB
740,Chevrolet,Blazer,2004,Teal,CNY
741,Buick,Rendezvous,2002,Mauv,RUB
742,Dodge,D350 Club,1992,Orange,EUR
743,MINI,Cooper Countryman,2011,Pink,CNY
744,Jeep,Cherokee,2000,Green,CNY
745,Kia,Sedona,2006,Pink,MDL
746,Cadillac,Eldorado,1997,Pink,PEN
747,Pontiac,Vibe,2009,Pink,EUR
748,Pontiac,Grand Prix Turbo,1990,Indigo,CNY
749,Chevrolet,Suburban 2500,2006,Aquamarine,KZT
750,Studebaker,Avanti,1961,Indigo,CNY
751,MINI,Clubman,2008,Fuscia,PLN
752,GMC,Sonoma,2003,Teal,CZK
753,Kia,Rio,2003,Fuscia,IDR
754,Saab,900,1998,Teal,CUP
755,Lexus,IS F,2010,Indigo,EUR
756,Buick,Roadmaster,1993,Fuscia,SLL
757,Ford,Aerostar,1995,Mauv,COP
758,Chevrolet,Corvette,1957,Fuscia,EUR
759,Infiniti,G,1994,Violet,ILS
760,Ford,Club Wagon,1997,Pink,IDR
761,Mercedes-Benz,GLK-Class,2011,Orange,KZT
762,MINI,Cooper,2006,Orange,CZK
763,Chevrolet,Cavalier,2002,Violet,EUR
764,Buick,LeSabre,1996,Puce,CNY
765,BMW,Z8,2002,Aquamarine,JPY
766,BMW,X3,2008,Yellow,CNY
767,Chevrolet,S10,2004,Pink,SEK
768,Plymouth,Acclaim,1995,Green,THB
769,Plymouth,Grand Voyager,1996,Orange,UAH
770,Isuzu,Rodeo,1997,Green,CNY
771,Suzuki,Reno,2007,Goldenrod,RUB
772,Chevrolet,K5 Blazer,1995,Aquamarine,PHP
773,Ford,Explorer Sport Trac,2005,Mauv,PEN
774,Saab,9-7X,2009,Fuscia,AOA
775,Oldsmobile,Silhouette,1993,Orange,BRL
776,Ford,E-Series,2011,Turquoise,IDR
777,Mitsubishi,Montero,2002,Maroon,DOP
778,Kia,Rondo,2009,Blue,RSD
779,GMC,Savana 1500,2005,Turquoise,GTQ
780,Mitsubishi,Pajero,1993,Crimson,IDR
781,Land Rover,Discovery,2012,Maroon,PLN
782,Ford,Taurus,1999,Maroon,PKR
783,Ford,Windstar,1998,Puce,MKD
784,Toyota,FJ Cruiser,2008,Goldenrod,VEF
785,Chevrolet,G-Series 2500,1998,Yellow,SEK
786,Oldsmobile,LSS,1999,Turquoise,CNY
787,Hyundai,Sonata,1996,Puce,UAH
788,Mercedes-Benz,R-Class,2007,Green,CNY
789,Honda,Civic,2006,Aquamarine,MAD
790,Mitsubishi,Montero,2005,Blue,EUR
791,BMW,8 Series,1996,Pink,EUR
792,Pontiac,Trans Sport,1997,Aquamarine,THB
793,Dodge,Ram Wagon B350,1994,Teal,EUR
794,Pontiac,Grand Am,1999,Blue,PEN
795,Oldsmobile,Silhouette,1996,Orange,SEK
796,Mazda,Mazda6,2010,Goldenrod,IDR
797,Honda,Civic,2010,Mauv,CAD
798,Volkswagen,rio,2001,Indigo,IDR
799,Ford,GT,2006,Fuscia,USD
800,Ford,E150,2009,Maroon,COP
801,Toyota,Paseo,1997,Teal,SEK
802,Acura,TL,2008,Crimson,PHP
803,Isuzu,Amigo,1999,Fuscia,SEK
804,Bentley,Continental GT,2007,Khaki,CNY
805,Mercedes-Benz,SLK-Class,1997,Indigo,EUR
806,Pontiac,Grand Prix,1991,Violet,AMD
807,Alfa Romeo,164,1993,Khaki,USD
808,Porsche,944,1990,Purple,CAD
809,Volvo,V50,2007,Crimson,IDR
810,Nissan,Pathfinder,1998,Fuscia,PHP
811,Saab,9-5,2004,Indigo,IDR
812,Lincoln,Town Car,1993,Purple,UGX
813,Dodge,Ram 1500,1994,Red,EGP
814,Ford,Fairlane,1966,Green,PLN
815,Audi,A8,1999,Aquamarine,BRL
816,Infiniti,G,2008,Fuscia,EUR
817,Toyota,T100,1993,Khaki,EUR
818,Lexus,LS,1991,Indigo,HRK
819,Chevrolet,1500,1996,Green,COP
820,Mitsubishi,Endeavor,2005,Crimson,PHP
821,Volvo,XC90,2004,Goldenrod,USD
822,Lexus,SC,2004,Maroon,BAM
823,Toyota,Avalon,2000,Green,CAD
824,Audi,RS 6,2003,Indigo,COP
825,Chrysler,PT Cruiser,2005,Aquamarine,CNY
826,Toyota,4Runner,2003,Red,CDF
827,Pontiac,Monterey,2005,Yellow,IDR
828,Maybach,57,2004,Goldenrod,AUD
829,Chevrolet,Camaro,2002,Violet,UAH
830,Chrysler,Town & Country,2000,Violet,USD
831,Ford,Excursion,2003,Red,RUB
832,Land Rover,Range Rover,2004,Turquoise,IDR
833,Infiniti,G,1992,Pink,SEK
834,Dodge,Ram Van 1500,1996,Indigo,RUB
835,Lexus,LX,2011,Puce,EUR
836,Infiniti,Q,2002,Teal,CNY
837,Subaru,Outback,2012,Indigo,CNY
838,Honda,Element,2010,Goldenrod,XPF
839,GMC,Sierra,2011,Maroon,JPY
840,Ford,Taurus,2005,Blue,PLN
841,Chevrolet,Tahoe,2008,Pink,EUR
842,Mercury,Mystique,1995,Green,JPY
843,Suzuki,Daewoo Magnus,2006,Yellow,EUR
844,Isuzu,Rodeo,2002,Mauv,ARS
845,Toyota,Celica,1998,Red,CNY
846,Chevrolet,Silverado 1500,2012,Teal,CNY
847,Kia,Optima,2003,Indigo,MXN
848,Mitsubishi,Galant,2008,Puce,PLN
849,Volkswagen,R32,2008,Blue,PLN
850,Honda,Element,2007,Orange,IDR
851,Lincoln,Navigator,2010,Teal,CNY
852,Buick,Century,2001,Maroon,PHP
853,Infiniti,G,1995,Fuscia,THB
854,BMW,6 Series,2008,Teal,EUR
855,Audi,S8,2002,Mauv,MUR
856,Nissan,370Z,2009,Khaki,MMK
857,Mitsubishi,GTO,1993,Khaki,ZAR
858,Audi,A6,2003,Orange,XOF
859,Nissan,Murano,2009,Green,CNY
860,Infiniti,FX,2003,Purple,EUR
861,Ferrari,458 Italia,2010,Khaki,BRL
862,Ford,Windstar,1998,Indigo,RUB
863,Volvo,850,1997,Crimson,CNY
864,Toyota,Tacoma,2000,Orange,CNY
865,Lincoln,Mark VII,1984,Teal,CNY
866,Ford,Bronco,1988,Blue,PEN
867,Chrysler,200,2012,Green,CZK
868,Hyundai,Tiburon,2005,Blue,ZAR
869,Lincoln,Continental,1992,Mauv,CNY
870,GMC,Savana 3500,2011,Yellow,NPR
871,Honda,CR-Z,2011,Teal,MXN
872,Chevrolet,Beretta,1996,Aquamarine,XOF
873,Suzuki,Grand Vitara,2004,Crimson,CNY
874,Cadillac,XLR-V,2009,Mauv,XOF
875,BMW,X6 M,2012,Goldenrod,LRD
876,Volkswagen,Passat,1997,Orange,CNY
877,Subaru,Outback,2005,Yellow,PHP
878,Mercedes-Benz,C-Class,1997,Blue,CNY
879,Ford,Mustang,2009,Maroon,RUB
880,Chevrolet,Corvette,1962,Turquoise,PLN
881,Mitsubishi,Truck,1987,Purple,CNY
882,Toyota,MR2,1995,Crimson,CNY
883,Nissan,350Z,2009,Puce,HRK
884,Saturn,Ion,2003,Red,GTQ
885,Maserati,430,1990,Maroon,IDR
886,BMW,X5 M,2011,Green,EGP
887,GMC,1500,1994,Turquoise,CNY
888,Dodge,Avenger,2000,Fuscia,ILS
889,Ford,F-Series,1994,Aquamarine,EUR
890,Toyota,Prius,2008,Goldenrod,SLL
891,Pontiac,GTO,1967,Yellow,PHP
892,GMC,Envoy,2009,Red,USD
893,Mercedes-Benz,SL-Class,1987,Crimson,PEN
894,Volkswagen,Jetta,1987,Yellow,GTQ
895,Mitsubishi,Lancer,2005,Pink,IDR
896,Mercedes-Benz,SL-Class,1990,Goldenrod,EUR
897,Hyundai,Santa Fe,2009,Teal,RUB
898,Chevrolet,Avalanche 1500,2002,Purple,CNY
899,Lexus,RX Hybrid,2012,Khaki,PHP
900,Mercedes-Benz,400E,1992,Green,EUR
901,Honda,Insight,2001,Teal,XPF
902,GMC,1500 Club Coupe,1997,Aquamarine,IDR
903,Lincoln,Continental,1985,Red,CNY
904,Ford,Explorer Sport Trac,2002,Turquoise,EUR
905,Mercedes-Benz,C-Class,1999,Purple,BRL
906,Toyota,Avalon,2005,Red,USD
907,Scion,xA,2004,Maroon,ILS
908,Volkswagen,Routan,2011,Khaki,TND
909,Hyundai,Elantra,1993,Teal,EUR
910,Mercedes-Benz,CLS-Class,2010,Violet,CNY
911,Mercedes-Benz,E-Class,2003,Mauv,EUR
912,Pontiac,Tempest,1967,Puce,JPY
913,Volkswagen,Jetta,2006,Puce,IDR
914,BMW,6 Series,2012,Yellow,NOK
915,Chrysler,Concorde,1997,Yellow,PLN
916,Volkswagen,Passat,1986,Red,KES
917,Subaru,Baja,2005,Orange,PLN
918,Volvo,XC60,2012,Yellow,KGS
919,Mercury,Capri,1994,Indigo,CNY
920,Plymouth,Voyager,2000,Aquamarine,IRR
921,Cadillac,DeVille,1998,Crimson,EUR
922,Honda,Crosstour,2012,Khaki,EUR
923,Buick,Regal,2003,Indigo,IDR
924,Dodge,Ram 1500,1997,Pink,NOK
925,Ford,Mustang,2008,Fuscia,MKD
926,Toyota,RAV4,2004,Aquamarine,USD
927,Audi,Quattro,1985,Puce,ZAR
928,BMW,7 Series,2002,Goldenrod,IDR
929,Acura,TL,2004,Red,RUB
930,Chevrolet,G-Series G30,1993,Fuscia,BRL
931,Volvo,S80,2007,Khaki,PHP
932,Chrysler,Cirrus,1999,Purple,ARS
933,Volkswagen,GTI,2009,Puce,HNL
934,Infiniti,QX,2000,Turquoise,CNY
935,Nissan,Sentra,1997,Maroon,BRL
936,Oldsmobile,88,1994,Orange,ILS
937,Dodge,Dakota,2002,Violet,IDR
938,Toyota,Yaris,2006,Goldenrod,CNY
939,Dodge,Ram Van 3500,2002,Teal,AFN
940,Nissan,Frontier,1999,Blue,CNY
941,Toyota,Avalon,1999,Mauv,CNY
942,Lotus,Esprit,1990,Violet,IDR
943,Toyota,Tacoma,2005,Puce,USD
944,Suzuki,Vitara,2002,Indigo,XCD
945,Subaru,XT,1986,Turquoise,ILS
946,Mazda,626,2001,Pink,PEN
947,Chevrolet,Suburban 1500,2003,Khaki,CNY
948,BMW,5 Series,1998,Puce,ARS
949,Lexus,GS,2010,Indigo,EUR
950,Dodge,Ram 2500 Club,1999,Goldenrod,CNY
951,Acura,ZDX,2011,Green,JPY
952,Chevrolet,Uplander,2006,Teal,ZAR
953,Toyota,Sequoia,2006,Fuscia,IDR
954,Audi,A8,2011,Red,ZAR
955,GMC,Savana 2500,2003,Turquoise,SEK
956,Volvo,S80,2010,Indigo,CNY
957,Geo,Metro,1996,Pink,AMD
958,Infiniti,Q,2004,Purple,PLN
959,Toyota,Sequoia,2009,Green,CNY
960,Porsche,911,1992,Blue,SEK
961,Volkswagen,Beetle,1967,Turquoise,CNY
962,Ford,GT500,2008,Purple,IDR
963,Volkswagen,New Beetle,1999,Indigo,VEF
964,Dodge,Ram Van B350,1993,Puce,IDR
965,Maserati,228,1989,Red,EUR
966,Dodge,Ram Van 1500,1997,Purple,USD
967,Ford,Aerostar,1996,Crimson,EUR
968,Lexus,LS,2002,Teal,RUB
969,Mercury,Marquis,1985,Crimson,EUR
970,Jaguar,XK,2009,Goldenrod,CUP
971,Kia,Sportage,2009,Khaki,RUB
972,Nissan,Stanza,1992,Red,PLN
973,Volkswagen,GTI,2008,Violet,IDR
974,Hyundai,Sonata,1996,Blue,LTL
975,GMC,Yukon,2004,Aquamarine,BRL
976,Infiniti,Q,2005,Green,PHP
977,Chevrolet,SSR,2005,Yellow,IDR
978,Ford,Escape,2001,Violet,CNY
979,Scion,xA,2005,Violet,JPY
980,Chevrolet,Prizm,2000,Maroon,PHP
981,Ford,F150,2008,Blue,THB
982,Chevrolet,Malibu,1998,Aquamarine,PHP
983,Nissan,240SX,1995,Goldenrod,EUR
984,Lexus,CT,2011,Mauv,CNY
985,Mercedes-Benz,E-Class,2009,Teal,EUR
986,Mercury,Marauder,2003,Red,SEK
987,Ford,Explorer Sport,2003,Turquoise,PHP
988,Lexus,ES,1997,Puce,CNY
989,Hummer,H2,2003,Goldenrod,BRL
990,Saturn,VUE,2002,Indigo,IDR
991,Infiniti,QX,2000,Red,CNY
992,Audi,Allroad,2005,Purple,EUR
993,Lexus,ES,2004,Pink,UAH
994,Ford,Fusion,2006,Pink,USD
995,Bentley,Continental GTC,2009,Teal,BYR
996,Chevrolet,Astro,1993,Mauv,EUR
997,Hummer,H3T,2009,Mauv,KWD
998,Toyota,4Runner,2001,Purple,SEK
999,Mercury,Monterey,2005,Fuscia,MXN
1000,Jensen,Interceptor,1967,Puce,CZK
